{
  "s_cut": 0.09916153671840623,
  "c_cut": 0.3,
  "margin": 0.009940231267371952,
  "fpr_target": 0.05,
  "empirical_fpr": 0.05,
  "quantile_used": 0.95,
  "method": "null_q95",
  "null_mean": 0.08065506154462185,
  "null_std": 0.012726168822023896,
  "null_q95": 0.09916153671840623
}